<?xml version="1.0" encoding="UTF-8"?>
<workflow-app xmlns="uri:oozie:workflow:0.5" name="hive2-wf">
    <start to="hive2-node"/>

    <action name="hive2-node">
        <hive2 xmlns="uri:oozie:hive2-action:0.1">
            <job-tracker>${jobTracker}</job-tracker>
            <name-node>${nameNode}</name-node>
            <configuration>
                <property>
                    <name>mapred.job.queue.name</name>
                    <value>${queueName}</value>
                </property>
            </configuration>
            <jdbc-url>${jdbcURL}</jdbc-url>
            <script>script.q</script>
            <param>database=${database}</param>
        </hive2>
        <ok to="end"/>
        <error to="fail"/>
    </action>

    <kill name="fail">
        <message>Failed for message[${wf:errorMessage(wf:lastErrorNode())}]</message>
    </kill>
    <end name="end"/>
</workflow-app>
